roc_auc,pr_auc,log_loss,brier_score,brier_skill_score
0.9843301185109095,0.9196131642169433,0.14266388571537067,0.03531992421090079,0.7333318511041388
