roc_auc,pr_auc,log_loss,brier_score,brier_skill_score
0.8468252108716027,0.6561821581907032,0.41612667945240006,0.1356632235792143,0.3043247571111223
